! Planar, C4420, 00000001, 24.1.6/3
! Date: 26.09.2024 10:28:23
! Stimulus(Гц),    S21(дБ),           S12(дБ),           S21(°),            S12(°)
4.50000000000E+09,+3.75887840694E+00,+8.87849376599E-01,-1.46808976522E+02,+4.68170745494E+01
4.53868194842E+09,-3.73287317485E+00,+4.07971088901E+00,+1.73303487722E+01,-1.74904679995E+02
4.57736389685E+09,-1.03833419772E+01,+9.87122295330E+00,-6.66155289054E+00,+1.59143434219E+02
4.61604584527E+09,+6.91218102288E+00,-2.20463313216E+00,+1.07567975501E+02,+6.90455222017E-01
4.65472779370E+09,-1.95970234837E+01,+6.44286421274E+00,+1.68308901374E+02,+7.40398619581E+01
4.69340974212E+09,-1.66428766649E+01,-7.82697254768E+00,-1.19239282060E+02,+5.02792730382E+00
4.73209169054E+09,-6.10472733247E+00,-1.81522042301E+01,+1.44176223848E+01,-7.12498163272E+00
4.77077363897E+09,-9.26291774756E+00,-1.37725582353E+01,-4.18859962360E+01,-1.51242558738E+02
4.80945558739E+09,+2.07551795685E+00,-3.06500368830E+00,+4.23723390422E+01,-2.97705967969E+01
4.84813753582E+09,-3.40761967313E+00,+3.09690111274E+00,+1.47967910192E+02,-3.54354203959E+00
4.88681948424E+09,-7.71384475338E+00,-6.56000250046E-01,+1.24931504901E+02,+7.68339344061E+01
4.92550143266E+09,-9.27206222626E+00,+2.19645702511E+01,-6.16109352773E+01,+4.86784534525E+01
4.96418338109E+09,-2.09214276320E+00,-7.44159028308E+00,-1.55919772003E+01,-1.27762924530E+02
5.00286532951E+09,-1.55931885320E+01,-1.34802849275E+01,+1.05808898593E+02,+2.11151164521E+01
5.04154727794E+09,-8.32267050803E+00,+2.07529792303E+01,+1.40476272395E+02,-6.68235116042E+01
5.08022922636E+09,-9.14099683437E+00,+2.78258541760E+00,-4.20582939782E+00,-1.79056575750E+01
5.11891117479E+09,-4.17277002702E+00,-2.98843953559E+00,-4.19735047727E+01,+3.76133455878E+01
5.15759312321E+09,-1.24666224219E+01,+6.58776659240E+00,+1.37473296079E+02,+5.13595973150E+01
5.19627507163E+09,-9.37532002228E-01,-1.51607126320E+01,+8.04577154223E+01,-1.25853372852E+02
5.23495702006E+09,-1.59893163423E+01,+2.15359743201E+01,-1.73627842897E+01,+2.10250155558E+01
5.27363896848E+09,-7.99689160199E+00,-4.56247443836E+00,-1.77521294179E+01,+4.05627268450E+01
5.31232091691E+09,-9.44737302504E+00,-4.44140633127E+00,-6.16904807643E+01,+8.06225690848E+01
5.35100286533E+09,-1.06180198321E+00,+1.14953418294E-01,-1.36128070178E+01,-1.12642653975E+01
5.38968481375E+09,-2.26857570891E+01,+5.10823250025E+00,-6.50377675519E+01,+2.42363710282E+01
5.42836676218E+09,-5.69100298645E+00,+2.45655353998E+00,+1.78468289163E+01,-1.59222284208E+02
5.46704871060E+09,-1.12918885330E+01,-9.86084630384E+00,+1.94279617002E+01,-6.38586645850E+00
5.50573065903E+09,-7.07672533194E+00,+5.35013719281E+00,+8.94179491931E+01,+8.89592311334E+00
5.54441260745E+09,-4.67570084982E-01,+6.63430175049E+00,-1.10248875708E+02,-2.44048417615E+00
5.58309455587E+09,-8.11573363855E+00,+2.30473087687E+00,+1.54807129639E+02,-7.35880634946E+00
5.62177650430E+09,-1.16023269771E+01,-1.04766040666E+01,-4.49370543393E-01,+1.25607037172E+02
5.66045845272E+09,-1.11000220566E+00,-1.03783270318E+01,+5.06636119121E+01,-7.09225494143E+01
5.69914040115E+09,-9.82446197008E+00,+1.69969429596E+00,-1.60830924368E+01,-5.99575094709E+00
5.73782234957E+09,+1.77828337860E-02,-1.01521066193E+01,-1.55317377774E+01,-9.77847453582E+01
5.77650429799E+09,-3.62062040658E-01,+8.31922329418E+00,+2.51789223209E+01,+1.30933293585E+01
5.81518624642E+09,-7.15447068265E+00,-7.32928291082E-02,-1.25186070574E+00,+1.70995632999E+00
5.85386819484E+09,-2.26651213524E+00,+5.95474221490E+00,-3.53567421586E+01,+3.18124935551E+01
5.89255014327E+09,+3.84468381523E-01,-2.34181012197E-01,-1.43107643312E+01,-1.20933456172E+00
5.93123209169E+09,-6.65806740304E+00,+1.23782501341E+00,-1.01371366214E+02,+1.16992287887E+01
5.96991404011E+09,+2.82275818031E-01,+1.88251052948E-01,+1.76900089006E+01,+7.74349357095E+01
6.00859598854E+09,-1.19780853868E+00,-1.29400165261E+00,-2.38142393890E+01,+4.41046402372E+01
6.04727793696E+09,-2.03362725516E+00,-1.56358783244E+00,-3.82136427051E+01,+1.26501553008E+01
6.08595988539E+09,-2.04424196906E+00,-3.10378577678E+00,+1.47576366887E+00,-1.45517118961E+01
6.12464183381E+09,-2.71759701169E+00,+4.19741171640E+00,-4.84720881433E+01,+4.08466351132E-01
6.16332378223E+09,-2.47300147560E+00,-1.95553005364E+00,-3.75778683206E+01,+1.68296597456E+00
6.20200573066E+09,+4.49961282869E-01,-3.53603124868E+00,-8.02946047336E+00,-3.16954945546E+01
6.24068767908E+09,-8.02836200621E-01,-9.75699188132E-01,+2.18753286405E+01,-9.49880610884E-01
6.27936962751E+09,-2.90067681848E+00,-4.26288395635E+00,+3.20079900992E+01,+1.83541219872E+01
6.31805157593E+09,-2.52852419679E+00,-2.53690946254E+00,-2.03943564343E+00,-2.41737285730E+01
6.35673352436E+09,-1.01121843952E+00,+1.18827292113E-01,+1.79223494631E+01,-5.15890131292E+00
6.39541547278E+09,+9.48629526690E-01,-6.71418097974E-01,+3.61806921079E+00,+2.75726116852E+01
6.43409742120E+09,-2.88716869168E+00,+7.50620231696E-02,-4.03268116207E+01,-1.03303093167E+01
6.47277936963E+09,+8.80892603852E-01,-4.25580382521E-01,-3.38988191306E+00,+8.11165083333E+00
6.51146131805E+09,+2.54392176808E-01,+1.23285350071E-01,+2.99140770679E+01,-1.13292501234E+01
6.55014326648E+09,+4.62962301490E-02,-4.19471830710E-01,+1.78728684192E+01,-2.44161786331E+01
6.58882521490E+09,+4.97826713918E-01,-4.13473484232E-01,+7.63142244104E-01,-2.88057149077E-01
6.62750716332E+09,-6.94181180705E-01,-8.14261129325E-01,-6.22368955318E+00,+3.68571247700E+00
6.66618911175E+09,+1.23767668161E+00,+5.62011755506E-01,+9.10074982126E+00,-1.13113196211E+01
6.70487106017E+09,-6.69918642752E-01,-6.62848522527E-01,+3.71351450684E+00,-5.39266947141E+00
6.74355300860E+09,+9.78368809709E-01,-1.35153455328E+00,+8.97347426948E-01,+9.79725804215E+00
6.78223495702E+09,+2.42324053042E-01,+3.76563487950E-01,+8.12192144998E-01,+1.23016416672E+00
6.82091690544E+09,+5.26373278759E-01,-6.56902002847E-02,-6.63374116324E+00,-3.10313410225E+00
6.85959885387E+09,+7.16452008137E-01,+2.43358728843E-01,-1.23335593559E+01,-1.17095309194E+00
6.89828080229E+09,+3.06582782508E-01,-8.99348946772E-01,-3.37234924952E+00,+8.71719001692E+00
6.93696275072E+09,-4.75673205824E-01,-5.25555361772E-01,+4.17739054276E+00,+2.40368368155E+00
6.97564469914E+09,-2.75956100813E-01,-1.42914317593E-01,+5.01182914245E+00,-1.27173129399E+00
7.01432664756E+09,+4.04808680152E-01,+2.23815234840E-01,-6.39533218288E-01,-7.30106618913E-01
7.05300859599E+09,+3.41715954815E-01,+3.70001831182E-01,-1.11957752576E+00,-1.81304654692E+00
7.09169054441E+09,-4.24940420706E-01,+4.83689424532E-01,+1.77953508708E+00,+1.84096644177E-01
7.13037249284E+09,+3.02852360685E-01,+1.14646206011E-01,+4.44399233355E-01,+1.42896781383E+00
7.16905444126E+09,+2.52672363890E-02,+1.69859364087E-01,+1.52927844065E+00,-1.15049935132E+00
7.20773638968E+09,+2.72626377924E-01,+3.18017743242E-01,-1.11831379554E+00,-1.26272256073E-01
7.24641833811E+09,-2.97066655133E-01,-4.15815616607E-02,+1.84974497418E+00,-5.36959130186E-01
7.28510028653E+09,+2.12846404079E-01,-5.07414977744E-02,-8.72136747843E-01,+7.46460232391E-01
7.32378223496E+09,-1.14087462582E-01,+1.10863173927E-01,+2.43120043878E-01,-2.10418301346E-01
7.36246418338E+09,+1.06817925978E-01,+1.02870475754E-01,-5.80021142663E-01,-2.86143994746E-01
7.40114613181E+09,+3.00494985258E-02,-2.51055721795E-02,-3.02487291228E-01,+1.96267507333E-01
7.43982808023E+09,+4.20012553050E-02,-2.29021362879E-02,-7.58532801333E-02,-1.99081691906E-02
7.47851002865E+09,+1.04227128068E-01,+1.70917263781E-02,-2.81521706007E-02,+2.27260513667E-01
7.51719197708E+09,+9.29612306053E-02,+4.80664932180E-02,-7.41694617864E-02,+8.99903115921E-02
7.55587392550E+09,+4.67102308326E-02,+1.62180793005E-02,+2.37741319740E-01,-2.33600458298E-01
7.59455587393E+09,+3.03576902378E-03,+2.59164363827E-02,-3.70332837895E-02,+1.43248904729E-02
7.63323782235E+09,+3.94141892740E-02,+1.71921852719E-02,-9.01393321029E-02,-6.54768675145E-02
7.67191977077E+09,-2.02717642939E-02,+1.39133660107E-02,-4.40573473300E-02,-1.66382779234E-02
7.71060171920E+09,+2.53350884542E-03,+1.11681626948E-02,-4.95719004350E-03,+1.73996052436E-01
7.74928366762E+09,-1.20318079955E-02,-1.60111884649E-02,-2.09268219351E-02,-1.02478447677E-01
7.78796561605E+09,+5.90559789449E-03,-1.23175702432E-02,+2.64698663024E-02,-7.73166051916E-02
7.82664756447E+09,-1.21813008016E-02,+6.86552502943E-03,-5.12083202675E-02,-1.34401633934E-02
7.86532951289E+09,+2.98399498266E-03,-3.22384931707E-03,+1.69180967603E-02,-2.40162155071E-02
7.90401146132E+09,+2.37095469691E-03,-1.69057220661E-03,+1.84318712814E-02,-1.22092726605E-02
7.94269340974E+09,-2.09026606894E-04,-2.79862402239E-03,+1.03062342425E-02,-2.88246410871E-02
7.98137535817E+09,-2.20823150518E-04,+2.57407732085E-04,-6.23989813971E-03,+5.20974510398E-03
8.02005730659E+09,+1.24121687856E-05,+2.78162274300E-04,-8.40645201734E-04,-1.64971915105E-03
8.05873925501E+09,+6.22362639831E-04,-1.73799869865E-04,+1.27317989485E-03,+3.16032022049E-03
8.09742120344E+09,+3.54680249808E-05,+1.13732275829E-04,+1.69946408638E-04,-2.19845145404E-03
8.13610315186E+09,-3.24447497680E-04,-1.79711514193E-04,-1.86949801173E-03,-4.27941238729E-03
8.17478510029E+09,+1.61068698775E-04,-4.99845035651E-04,+3.30788014036E-04,-3.07798779833E-03
8.21346704871E+09,+1.02741122430E-04,+2.48535863979E-04,+3.60507052092E-03,+4.76150885362E-03
8.25214899713E+09,-3.39538647486E-04,+5.87021252882E-04,-5.18375703828E-04,-1.88982497787E-03
8.29083094556E+09,+7.22149779967E-04,+3.36486147063E-04,-2.27564507642E-04,+2.04902498297E-03
8.32951289398E+09,+7.22288304461E-05,+6.69473188900E-04,+2.38529564511E-03,+9.84602369238E-04
8.36819484241E+09,+1.17446127534E-04,+7.69086019203E-04,+9.10985692401E-05,+5.92373871015E-03
8.40687679083E+09,-2.93108336909E-04,-3.69681253466E-04,-2.15115976203E-03,-4.37435264716E-03
8.44555873926E+09,+1.06719940790E-04,+5.81158269316E-04,+2.12204950111E-03,+6.16691808588E-03
8.48424068768E+09,+1.03750490555E-04,-5.39524286516E-04,+8.75078680198E-04,-2.00441286850E-03
8.52292263610E+09,+5.06835369645E-06,+4.84918671609E-04,-2.14119192222E-03,-5.26696360404E-03
8.56160458453E+09,-4.11778124074E-04,-4.81720612994E-04,-3.26513754718E-03,-1.09199850444E-03
8.60028653295E+09,-3.50670082286E-04,+2.73380589801E-04,-1.01993392950E-03,+3.50046840310E-03
8.63896848138E+09,-3.96268270476E-04,+1.12238689291E-04,-5.27113008460E-04,-1.52923270774E-03
8.67765042980E+09,+3.59248892634E-04,-1.48310589312E-03,+2.67481967433E-03,-2.35435612926E-03
8.71633237822E+09,+6.76964503202E-04,-7.18534507238E-04,+4.82781367096E-03,-3.03004936133E-03
8.75501432665E+09,-5.43310828077E-05,-2.00923854143E-04,+1.23135343773E-03,-4.74960166720E-04
8.79369627507E+09,-1.14166463931E-04,-3.31463576832E-04,+7.72152864752E-04,-3.40156102268E-04
8.83237822350E+09,+5.89144476479E-04,+4.58385223801E-04,+3.43539405259E-03,+4.83817161382E-03
8.87106017192E+09,+5.17307871779E-04,-2.47836349771E-04,-2.71763650081E-03,+5.01209280384E-03
8.90974212034E+09,-2.08142082723E-05,+7.89059744891E-04,-1.04570134915E-03,-1.26927424127E-03
8.94842406877E+09,-3.47464071891E-04,-6.23517435228E-04,+2.76228771135E-03,-2.80608624071E-03
8.98710601719E+09,-2.41762778048E-04,-3.75348287016E-04,-4.47268065856E-03,-1.55793283047E-03
9.02578796562E+09,+6.77606271773E-04,-1.96070573546E-05,+8.63347074571E-03,-2.92867410130E-03
9.06446991404E+09,+4.38207649090E-04,+3.97001525961E-04,-1.17953599254E-03,+1.41385495399E-02
9.10315186246E+09,+4.42402284606E-04,-2.00608601910E-03,+3.46954874149E-03,+8.08600522292E-03
9.14183381089E+09,+8.41731780682E-04,-1.77145647652E-03,-6.99459504440E-03,+1.19148699310E-02
9.18051575931E+09,-1.22743303065E-03,-1.01356775114E-03,+3.36509361908E-03,+1.50634421450E-02
9.21919770774E+09,-5.62404041554E-03,-7.19157050528E-03,+1.98745430865E-02,+1.20682732427E-02
9.25787965616E+09,-5.10311636736E-03,-1.25359959490E-02,-4.28938614871E-02,+2.14051617423E-02
9.29656160458E+09,-1.06272032894E-02,+1.05691028963E-02,-1.44706147912E-02,+6.94127986961E-03
9.33524355301E+09,+3.89671632779E-03,+5.42569590071E-03,+3.95015792118E-02,+1.01499448095E-02
9.37392550143E+09,-2.21001788082E-02,+9.04902404958E-03,-8.37499835432E-02,+1.41202430850E-01
9.41260744986E+09,-2.82577614046E-02,+2.99215535473E-02,-2.32172454371E-01,+2.20919478660E-01
9.45128939828E+09,+1.38682737469E-02,+1.19536276174E-02,-2.69306218786E-02,+4.65895238738E-02
9.48997134670E+09,-9.39672430617E-02,+7.25292427413E-02,-8.89200967166E-01,+2.13265084518E-02
9.52865329513E+09,-6.74705927852E-02,+1.11401735913E-02,-5.03449463734E-01,+3.07322027215E-02
9.56733524355E+09,-8.59956536847E-02,-1.36258220165E-02,-4.46469426319E-01,-2.36956461117E-01
9.60601719198E+09,-2.78368257843E-01,+1.80951250516E-01,-2.44598596527E+00,+9.79396749639E-01
9.64469914040E+09,+3.56124387798E-02,+3.27648727268E-02,-5.88412379386E-01,-1.89582337994E-01
9.68338108883E+09,-3.84680528153E-02,+3.46773811764E-01,-1.22597431511E+00,+1.65374379858E+00
9.72206303725E+09,+2.12034800839E-01,+6.22462660634E-01,+1.16293722550E+00,+3.47568067335E+00
9.76074498567E+09,-1.40600326361E-01,+1.20588192204E-02,+4.05703509195E-01,+7.50718162305E-01
9.79942693410E+09,+2.82409319556E-02,-8.04621123769E-02,+7.09963155910E-01,-8.76534910954E-01
9.83810888252E+09,+5.04054295974E-01,-5.45655294330E-02,+2.12280076814E+00,+3.38270410317E-01
9.87679083095E+09,+9.79105520068E-02,+9.45649334235E-03,-1.55619164194E+00,+1.38204819987E+00
9.91547277937E+09,+2.27926312570E-01,+6.49682365578E-01,+1.38635735726E+00,+1.99137298948E+00
9.95415472779E+09,-2.60543910076E-01,-2.37570005006E-01,-2.77842531415E+00,-2.14364344923E+00
9.99283667622E+09,+4.18624710554E-01,-4.82015979049E-01,+8.57505951778E+00,-4.94410275677E+00
1.00315186246E+10,+9.87573441137E-01,-9.26584106045E-01,+1.13190681159E+01,-4.11931464678E+00
1.00702005731E+10,+4.16542736077E-01,+4.23214944998E-01,+1.19840361336E+00,+5.58061626603E-02
1.01088825215E+10,-1.79008058282E-01,-4.04411616216E-02,+1.56770292612E-02,+3.21225827973E-01
1.01475644699E+10,+1.67941253027E-01,-8.92304830274E-01,+6.42689421191E+00,-1.27547572538E+01
1.01862464183E+10,+2.61820838689E-03,+6.61901626763E-02,-9.13571833882E+00,-6.84428262687E+00
1.02249283668E+10,-1.33622712008E+00,-9.38119152247E-02,-9.32716819664E+00,+5.09614540853E-01
1.02636103152E+10,-2.39869709035E-01,-7.58114520750E-02,-1.05458634669E+01,-1.84832962225E+01
1.03022922636E+10,+1.00993984259E+00,+3.44168472402E+00,+1.69073818019E+01,+1.68766030837E+00
1.03409742120E+10,-1.63754593972E+00,-3.00249399850E-01,+1.84476350974E+01,+6.68597221755E+00
1.03796561605E+10,-2.21641787392E-02,+2.08719605134E-01,+2.46026249379E+01,+2.76862180054E+01
1.04183381089E+10,+2.40916810555E+00,-2.08146474049E+00,-8.56035371350E+00,+3.61186084361E+01
1.04570200573E+10,-2.44106112668E+00,-4.12063372260E+00,-1.67198679073E+01,+1.30595867066E+01
1.04957020057E+10,+6.03408774647E-01,-3.11498630539E+00,-1.44543243382E+01,+5.55241737665E+01
1.05343839542E+10,-2.97735243945E+00,-3.80390585226E+00,-2.13216482233E+01,-2.08678409370E+01
1.05730659026E+10,+1.76235542951E+00,-2.97613560180E+00,+2.05508266335E+01,+7.34762808613E+01
1.06117478510E+10,+3.63531521366E+00,-3.32041666893E+00,+6.97334365392E+01,-1.48769612352E+01
1.06504297994E+10,-2.52549250875E+00,+2.95979259737E+00,-1.52731102892E+01,+3.09127313147E+01
1.06891117479E+10,-4.00701119922E+00,+3.00907180831E-01,-2.63446856330E+01,-3.73486127324E-01
1.07277936963E+10,-4.58606982117E+00,+2.33055373777E-01,+8.52341859444E-01,+1.39781975710E+01
1.07664756447E+10,-4.14367146725E+00,+8.69023623489E+00,+2.86636163262E+00,-4.51164521228E+00
1.08051575931E+10,-7.55000957131E-01,+1.22410002617E+01,-9.93360247711E+01,-3.35929158599E+01
1.08438395415E+10,-3.57589017399E+00,-1.23772458477E+01,-2.04311815724E+01,+5.15854900109E+01
1.08825214900E+10,-4.35212156309E+00,-3.49615019843E+00,+3.01523007261E+01,-2.03478541960E+00
1.09212034384E+10,+2.02655149351E-02,+3.01969317113E+00,+1.93658844756E+01,+6.75458963779E+01
1.09598853868E+10,-1.65485056337E+01,-1.25791583564E-01,+2.25014733426E+00,-1.00327786603E+02
1.09985673352E+10,-7.81227573257E-01,-6.19496726785E+00,+8.51042687879E+01,-3.46230288264E+00
1.10372492837E+10,-7.75625179736E+00,+4.23370158388E+00,+7.11002322938E+01,+1.28608403117E+02
1.10759312321E+10,-5.47556733570E+00,-6.50908675734E+00,+9.27611407430E+01,+1.00791642715E+02
1.11146131805E+10,-1.59211086384E+00,-3.79245651987E+00,-4.31890868814E+01,+2.63943985279E-01
1.11532951289E+10,+8.56656294992E+00,+2.48715923703E-01,-4.74119589479E+00,-3.55202195904E+00
1.11919770774E+10,+8.14653562181E+00,-2.77268485729E+00,-6.38389823439E-01,+1.32197800487E+02
1.12306590258E+10,-5.85827784132E+00,+6.66882472160E+00,-1.84996791566E+01,-6.93257119006E+01
1.12693409742E+10,-3.19777842069E+00,+1.76813160477E+00,+1.66310380908E+01,-1.53541762796E+01
1.13080229226E+10,+4.55558347674E+00,-1.49776649336E+00,+9.63888638989E+01,-7.37834521048E+01
1.13467048711E+10,-1.51804265049E+00,-1.10079104063E+01,+7.01271768523E+01,-6.77428183265E+01
1.13853868195E+10,-2.10793761095E+00,-4.21665059266E+00,+9.38284071612E+01,+2.54114499595E+01
1.14240687679E+10,+3.03292826420E+00,+1.63398459508E-01,+2.43819820632E+01,-8.48953089568E+01
1.14627507163E+10,-4.33852040585E+00,-9.55688313034E+00,+8.36169903686E+01,+4.60592484795E+01
1.15014326648E+10,+7.57059393218E+00,+6.34950754164E+00,-1.08564734310E+01,+1.75100927562E+01
1.15401146132E+10,-7.89011737602E+00,-3.39098309280E+00,-4.27601014243E+01,+2.40942267096E+01
1.15787965616E+10,-4.66640224978E+00,-4.18373008466E+00,+1.28778435297E+02,+6.27468328334E+01
1.16174785100E+10,+8.26124480038E+00,+2.75037715695E+00,+1.05558784822E+01,-2.25513028870E+01
1.16561604585E+10,-9.24177382839E+00,-9.15539908274E+00,+1.90826038216E+01,+8.43880923175E+01
1.16948424069E+10,-1.45255863052E+00,-1.03423575970E+01,+1.09846025031E+01,-1.31734360802E+02
1.17335243553E+10,-2.77978835809E+00,-7.74529216869E+00,-2.04730206472E+01,+1.40996122560E+02
1.17722063037E+10,-1.46627126695E+01,-1.09218160720E+01,-9.43401094241E+00,-9.14843276638E+01
1.18108882521E+10,-8.22910210154E+00,-3.07562233034E+00,+2.50435239722E+01,+1.18455517013E+02
1.18495702006E+10,-1.86361329045E+01,-2.52259031210E+00,+8.18349896115E+01,-6.77794698109E+00
1.18882521490E+10,-9.79879019474E+00,-1.20458001828E+01,+8.68024333460E+01,+4.32118722786E+01
1.19269340974E+10,-4.16565346625E+00,-5.06748094934E-01,-4.56312174572E+00,+8.59768708128E+01
1.19656160458E+10,-9.49696573693E+00,-2.01332418312E+00,-3.21473942987E+01,+3.28590734741E+01
1.20042979943E+10,+1.05568257646E+00,-2.21326101372E+00,-6.35916794967E+01,-8.16655023788E+00
1.20429799427E+10,-1.25253756047E+01,-1.80566422833E+00,+1.42313657469E+02,+5.72612689217E+01
1.20816618911E+10,-1.84554251558E+00,-8.19271616823E+00,-1.02395561925E+02,+9.76973757488E+01
1.21203438395E+10,-9.56672596385E+00,-7.51181441354E+00,-7.86696557816E+01,+5.47223976599E+00
1.21590257880E+10,-1.11245139170E+00,+1.60036822270E+01,+3.39879638041E+01,+4.95677530447E+01
1.21977077364E+10,-8.10608401073E+00,-3.43750466829E+00,+1.35276503176E-01,+2.74672047879E+01
1.22363896848E+10,+4.95794298832E+00,-7.59222285184E+00,-5.97827833859E+01,-5.08644594281E+01
1.22750716332E+10,-8.11376410841E+00,-8.52697145336E+00,+4.21464206810E+00,+2.50319444184E+01
1.23137535817E+10,-2.95983650295E+00,+3.94017703796E+00,+4.60366109560E+00,-1.41896766014E+02
1.23524355301E+10,-2.84099034109E+00,-4.22556033273E+00,-5.45984870962E+00,-1.77354823970E+02
1.23911174785E+10,-1.61542327577E+00,-1.48972132841E+01,-1.44473985886E+01,-1.36608953619E+02
1.24297994269E+10,+4.79105167420E+00,+1.59959465679E+01,-3.15443642046E+01,-5.13549213329E+01
1.24684813754E+10,-1.85976716763E+00,-4.90362684699E+00,+4.83220650156E+01,-5.56221617931E-01
1.25071633238E+10,-1.00162690144E+01,+2.95224265940E+00,+1.52198142548E+02,-1.69193436222E+01
1.25458452722E+10,-1.06447796409E+01,-8.65062126596E+00,+7.85587611561E+01,+2.82845626502E+01
1.25845272206E+10,+2.58516744333E+00,+4.25793924819E+00,+4.41142280680E+01,+3.23903570937E+00
1.26232091691E+10,-8.61735488688E+00,-8.60470358896E+00,+1.91991113660E+01,-1.02376433434E+02
1.26618911175E+10,-5.84542608868E+00,+1.47424230421E+01,+5.94051068689E+01,+3.35131073006E+01
1.27005730659E+10,-1.18666877318E+00,-9.41699457635E+00,+5.73917306777E+01,-3.54670033454E+01
1.27392550143E+10,-4.34553049374E+00,-1.72178514641E+01,+7.96288459169E+01,+1.73438898636E+02
1.27779369628E+10,-4.80472147848E-01,-1.02120049866E+01,-1.39549963651E+02,+1.54843779569E+02
1.28166189112E+10,-3.09177480344E+00,-7.86463314941E+00,+4.98956244164E-01,+9.68637410323E+01
1.28553008596E+10,+3.80008795591E+00,-1.27596309884E+01,+2.17021770117E+01,+7.12332213453E+01
1.28939828080E+10,+2.58218735316E+00,-1.20203515319E+01,+7.47445550480E+00,+1.09052731705E+02
1.29326647564E+10,-6.64167326871E+00,-5.52187604769E+00,+2.69844731473E+01,-1.62556277506E+01
1.29713467049E+10,+4.79841253231E+00,+1.23207686182E+01,-2.47171028885E+01,+2.58864316485E+01
1.30100286533E+10,-4.90971053987E+00,+1.38829237418E+00,-3.61786498281E+01,+2.21839701949E+01
1.30487106017E+10,+5.07422300408E+00,-6.47387754761E+00,-2.16815150084E+01,+2.19257415951E+01
1.30873925501E+10,-7.58838700144E+00,-6.70195359413E+00,+3.41284663724E+01,-2.18297492396E+00
1.31260744986E+10,-7.66677146241E+00,-9.84499115091E-01,-1.75734800902E+02,-1.58205322592E+02
1.31647564470E+10,+5.54496663711E+00,-8.97759668128E+00,-5.16604601506E+01,+1.45062532624E+02
1.32034383954E+10,+3.88190173250E-01,-2.99508347410E+00,+1.34887878038E+02,+1.80622378878E+01
1.32421203438E+10,-1.80933690689E+00,+3.59408955779E+00,-1.65002126646E+01,+5.08994467204E+01
1.32808022923E+10,-9.93756253471E+00,+7.66546054812E-01,+3.60005930577E+01,-2.29741824154E+01
1.33194842407E+10,+8.46130505714E+00,-3.08193731362E+00,+8.08159342149E+00,+1.72179177390E+02
1.33581661891E+10,-5.10789539234E+00,-2.24481907619E+01,+6.94820904245E+01,+6.21993697642E+01
1.33968481375E+10,+5.19480756338E+00,+6.31815192510E-01,+4.33124795867E+01,-4.51347807829E+00
1.34355300860E+10,-1.98322925863E+00,-1.77805161652E+01,+2.98341140058E+01,+5.06284915802E+01
1.34742120344E+10,+9.27649761011E+00,-4.74301186696E+00,+2.26493580826E+01,+7.19324151962E+01
1.35128939828E+10,-6.66515842623E+00,-8.73373976972E+00,+1.67649300802E+02,-5.47038192022E+01
1.35515759312E+10,-3.57209343096E-01,+3.91240769407E+00,+1.53582240590E+02,+4.36098405257E+00
1.35902578797E+10,-1.95900229918E+00,+1.49938669094E+01,-4.81428319418E+00,+5.01577122996E+01
1.36289398281E+10,-1.18059670233E+01,+6.14475945477E-01,+1.97639186229E+01,-7.98073475542E+00
1.36676217765E+10,-6.19222667270E+00,+8.45599308458E+00,-3.23802441525E+01,-1.14421068829E+02
1.37063037249E+10,-4.51989088774E+00,-2.45896739110E+00,+4.30572774601E-01,-1.10557572500E+02
1.37449856734E+10,-2.86787979238E+00,-6.10189808503E+00,+1.32671871163E+01,+6.12245243413E+01
1.37836676218E+10,+3.88006200234E+00,+2.85869037493E+00,-2.14045869450E+01,-1.97914652526E+01
1.38223495702E+10,-1.72954935927E+00,-4.87846070621E+00,-8.83166275860E+01,+1.19659319685E+01
1.38610315186E+10,-3.33926324344E+00,-2.17422110627E+00,-5.03835348039E+00,-3.93306295762E+00
1.38997134670E+10,-2.05985425413E+00,-1.91763444876E+01,-5.47577575566E+01,+1.01232121314E+02
1.39383954155E+10,-2.37481479473E+01,+1.43437628167E+01,-7.08855578443E-01,-5.73641713503E+01
1.39770773639E+10,+3.16699003668E+00,-1.28480491468E+00,-8.90200565520E+00,-2.60954335041E+01
1.40157593123E+10,-5.75669249104E-01,+1.56759291695E+01,-4.56312330771E+01,+1.12975117772E+02
1.40544412607E+10,-6.66844895491E+00,-2.04417665624E+00,-1.02821295302E+01,+3.84314722338E+00
1.40931232092E+10,+2.71167250746E-01,+3.56393473343E+00,+1.68685194382E+01,+5.35618710822E+01
1.41318051576E+10,+2.72862014076E+00,+4.60460081392E+00,+2.56111784721E+01,+4.43917654856E+00
1.41704871060E+10,-1.09757311914E+01,+1.20164942499E+01,-5.70582748550E+01,+7.88993926374E+01
1.42091690544E+10,-1.85932347598E+01,+6.00628131512E+00,+6.52844884701E+01,+1.39947110418E+02
1.42478510029E+10,+2.75723482884E+00,-1.57552317775E+01,+1.07883486733E+02,-8.20783123956E+01
1.42865329513E+10,+9.59650739468E-01,-1.56040468699E+01,+2.02182484055E+01,+1.23085739569E+02
1.43252148997E+10,+3.67981678798E+00,-6.85979697382E+00,-2.59105143605E+00,+3.64586349182E+01
1.43638968481E+10,-1.20093935920E+01,-4.09382015107E+00,-6.60092323016E+01,+9.36134704110E+01
1.44025787966E+10,-6.25669966330E+00,-1.09902114403E+01,-1.28085450431E+01,-1.02321198418E+01
1.44412607450E+10,-1.22908827471E+01,-8.57740503195E+00,+1.25495059619E+02,-3.70629545533E+00
1.44799426934E+10,-1.83506225001E+01,-1.70618901077E+01,+1.26936614019E+01,-1.40063400992E+01
1.45186246418E+10,+4.72512687022E+00,+2.97881552198E-01,+6.52844607560E+01,-1.61835952983E+02
1.45573065903E+10,-3.03086823246E+00,-3.42028282611E+00,+1.73983797635E+02,-1.24418949832E+01
1.45959885387E+10,-3.84842956033E+00,-3.92556187488E+00,+2.85433077304E+01,-2.26639398620E+01
1.46346704871E+10,+7.11070493112E-01,-2.46086134805E+00,-1.52495349349E+02,+1.48335113743E+01
1.46733524355E+10,-2.81702051212E+00,-9.71457870691E+00,+7.19409312572E+01,-1.00747796067E+02
1.47120343840E+10,-6.88072328657E+00,+1.91646604769E-01,-9.30341286761E+01,+1.36141869807E+02
1.47507163324E+10,-1.21337101569E+01,+5.29811434632E+00,-1.50811053292E+02,-3.81882065404E+01
1.47893982808E+10,-9.20882705142E+00,-4.69819232469E+00,+8.34775572364E+01,-8.22659826743E+01
1.48280802292E+10,+1.10483546515E+01,+4.75665082241E+00,-8.71617206223E+00,-1.11377822338E+02
1.48667621777E+10,+4.57538249048E-01,+2.73641220532E+00,+1.18881179529E+02,-1.41129317025E+02
1.49054441261E+10,-1.25241681329E+01,-1.29564043524E+01,+7.04585066457E+01,+7.18268129600E+01
1.49441260745E+10,+7.55850138152E+00,-8.33333746520E-01,+8.14638919010E+00,-1.26756900599E+02
1.49828080229E+10,-1.19127402883E-01,+1.15541181098E+00,-1.03598627723E+02,+6.29722695682E+01
1.50214899713E+10,-2.16916195834E+01,+1.20883389997E+00,+3.14921164988E+01,+1.34362999766E+01
1.50601719198E+10,-7.25585349953E+00,-5.63259615886E+00,-2.89568988122E+00,-1.09001550314E+01
1.50988538682E+10,+2.46691502023E+00,-8.91202607603E+00,+4.22982054983E+01,+1.78538690517E+02
1.51375358166E+10,-6.89059709779E+00,-2.53035424293E+00,+6.84967741000E+01,-1.63114176131E+01
1.51762177650E+10,-1.53953729473E+01,+2.11120169190E+00,+4.52175130133E+00,+1.05159565341E+02
1.52148997135E+10,+8.65975353093E+00,-9.87637657355E+00,+7.63583626923E+01,+5.69757787053E+01
1.52535816619E+10,-3.91679695749E+00,-1.76047584438E+00,+3.42065934554E+01,+7.44890480428E+01
1.52922636103E+10,+6.64794520069E+00,+1.47049821102E+00,-3.26973433841E+01,-2.75346259364E+01
1.53309455587E+10,-1.23110998047E+01,-2.96194064005E+00,-1.41696958242E+02,-9.11098406552E+00
1.53696275072E+10,+6.27354986803E+00,-1.07788581125E+01,-8.87616201688E+01,-1.16119405971E+01
1.54083094556E+10,-4.39668425546E+00,-1.17631364409E+01,-3.69700143781E+00,+5.52916868677E+01
1.54469914040E+10,-2.65241134115E+00,-3.54060284262E+00,+1.12385093495E+02,+6.03510184248E+01
1.54856733524E+10,-8.09478769120E+00,-5.31683565725E+00,+1.32659656040E+02,-8.18911506603E+00
1.55243553009E+10,-7.75385476127E+00,+3.49847053807E+00,+1.48578351131E+02,+1.15769175959E+01
1.55630372493E+10,+9.71979019235E+00,-6.04207642407E+00,-3.74649504964E+01,+1.39926131496E+01
1.56017191977E+10,-9.70809686780E-01,-8.96062441211E+00,-6.62668313357E+00,+2.72172182202E+01
1.56404011461E+10,+4.53477574139E+00,-2.39278640514E+00,-1.59696443406E+01,-1.90123161104E+00
1.56790830946E+10,-7.93440037561E-01,+1.50283869747E+01,-1.00565826820E+02,-1.62287643832E+02
1.57177650430E+10,+1.17749600330E+00,-1.50886117186E+01,-7.66619485312E+00,+1.27896893874E+02
1.57564469914E+10,+2.88786693244E-01,-1.10772449061E+01,-2.82222722405E+01,-1.19929972574E+02
1.57951289398E+10,-1.21445274155E+01,-1.26735614621E+00,+9.59401027322E+01,+5.70628771112E+01
1.58338108883E+10,+6.44465112670E+00,-8.54813098540E+00,-1.59323638282E+02,+1.33531605416E+01
1.58724928367E+10,+6.15661841426E+00,-9.52112185608E-02,-6.71057625260E+01,+1.65245396718E+01
1.59111747851E+10,-5.07464787803E-01,+6.89270937436E+00,-1.84795076688E+01,+5.25546617548E+00
1.59498567335E+10,-9.22516235566E+00,-5.11755035783E+00,+1.59926873048E+01,+1.99516801185E+01
1.59885386819E+10,-1.46597774029E+01,-8.84652250173E+00,+3.89292405799E+01,-6.03243417151E+01
1.60272206304E+10,-1.47181764425E+00,+1.82937712181E-01,-1.02745128271E+02,-4.44454232259E+01
1.60659025788E+10,-1.06467419393E+01,-1.17792899282E+00,-3.47875378037E+01,-7.06455394857E+01
1.61045845272E+10,-4.80334481267E+00,+8.34173295424E-02,-4.16389436651E+00,+5.50062820501E+01
1.61432664756E+10,-9.02635165258E+00,-2.55582084381E+01,-2.82925106386E+01,+8.60124001183E+01
1.61819484241E+10,-1.43357469913E+01,-5.43195880455E+00,+8.86881903235E+01,+1.70745877292E+01
1.62206303725E+10,-3.52337758317E+00,-1.05964694327E+01,-1.46278891160E+02,+1.26831086357E+02
1.62593123209E+10,-3.99260001740E+00,-4.07630078942E+00,+1.16890011358E+02,+1.77876502767E+02
1.62979942693E+10,-9.63224215742E+00,-7.83296956758E+00,-1.62016422846E+02,+1.57937670725E+02
1.63366762178E+10,-3.78499047743E+00,-4.23796562764E+00,-4.00339625028E+00,+7.24468148551E+01
1.63753581662E+10,-1.00282046293E+01,-2.12344811265E-01,-1.86292457023E+00,-1.56760638545E+01
1.64140401146E+10,+2.43091051925E+00,-1.87351981622E+01,-5.34576942042E+01,-4.63603658445E+00
1.64527220630E+10,-7.75499392329E+00,-1.18799444671E+00,-9.67675463563E+01,+1.19947794782E+01
1.64914040115E+10,+7.34685218068E+00,+8.14246503598E+00,+2.64705306156E+01,-5.15143656303E+01
1.65300859599E+10,-1.99277049086E+00,-1.13932215801E+00,+2.92214601852E+01,-5.38062258237E+01
1.65687679083E+10,-3.86347040379E+00,+7.67593857102E-01,-1.14867933336E+01,+2.38931309776E+01
1.66074498567E+10,-4.77759440270E+00,-1.05393955834E+01,-1.17309045829E+01,-1.63254370884E+01
1.66461318052E+10,+7.46752988496E-01,-1.11307118497E+01,+1.25296046755E+01,-8.60134943342E+01
1.66848137536E+10,+1.11854738345E-01,-2.09596466703E+00,+1.34752848700E+02,+1.48194438102E+02
1.67234957020E+10,-4.22572365418E+00,-1.05697706132E+00,-1.67360100756E+01,-5.29275383233E+01
1.67621776504E+10,-6.39531097192E-01,-5.28412211224E+00,+6.33590723748E+00,-1.33718627405E+02
1.68008595989E+10,-5.43154493142E+00,-8.11606718141E+00,+1.70117233823E+01,-5.55982316216E+01
1.68395415473E+10,-5.87444269417E+00,+5.84218434280E+00,-4.33112412295E+00,+2.58741249850E+01
1.68782234957E+10,-5.97519079063E+00,-1.05312614281E+01,+1.45034658423E+01,+1.38702813030E+02
1.69169054441E+10,-1.54577282235E+00,+4.23160635648E-01,-5.39658436962E+00,-1.38284547903E+01
1.69555873926E+10,-4.47580151937E+00,-7.03805558418E+00,-1.61609299752E+02,-3.19715854981E+01
1.69942693410E+10,+1.10332388697E+00,-1.01573335756E+01,+1.03451046713E+02,+1.08082789577E+02
1.70329512894E+10,+1.12571694064E+01,-2.09809490205E+01,-3.33332930234E+01,+6.25135838336E+00
1.70716332378E+10,+1.32192076664E+01,+1.50725405256E+00,+1.00359175827E+02,+1.66632559073E+02
1.71103151862E+10,+6.75660356479E+00,+5.26827820138E-01,+1.98357673240E+01,+6.13875940871E+01
1.71489971347E+10,-7.18020235526E+00,+4.45330541372E+00,-3.48429825659E+01,+7.94041812769E+01
1.71876790831E+10,+6.96622934978E-01,-3.34411819414E+00,-1.63611625411E+01,-3.72018067819E+01
1.72263610315E+10,+1.20167851988E+00,+2.71983740946E-01,+4.34139103981E+00,+1.57647589934E+02
1.72650429799E+10,-7.00781425605E+00,-5.79088265694E+00,-1.12689632375E+01,+9.85554172255E+01
1.73037249284E+10,+2.90202383922E+00,+9.99500500619E+00,-1.76741078732E+02,+9.53336491795E+01
1.73424068768E+10,-5.22216335758E+00,+7.23342899585E+00,-9.03309565113E+00,+6.56198849093E+00
1.73810888252E+10,-9.07780201220E+00,+9.38033472782E+00,-4.28379830910E+01,-2.13862715472E+01
1.74197707736E+10,+1.51921790919E+00,+4.97532860748E-01,+8.73357501737E+01,+4.87874604271E+01
1.74584527221E+10,-7.51056666749E+00,+3.11164444175E+00,-1.60118030182E+01,-3.26449409836E+01
1.74971346705E+10,+9.37475877428E-01,+2.21091115230E+00,-8.70086037694E+00,+1.71638906947E+01
1.75358166189E+10,-8.56450018115E+00,-5.62178763419E+00,+4.20494848866E+01,-7.12823797185E+01
1.75744985673E+10,+6.29073064554E+00,-1.44649951758E+01,-3.87599478647E+01,-9.59252198050E-01
1.76131805158E+10,+2.93271207578E+00,-8.85588600838E+00,-9.50590292607E+00,-1.20506230365E+02
1.76518624642E+10,+6.46903450131E-01,+2.89564370324E-01,-9.00104377223E+00,-1.29914670777E+02
1.76905444126E+10,-7.67793858447E+00,-8.63697509589E-01,+1.35001456054E+01,+2.09113680603E+01
1.77292263610E+10,-2.18697060823E+00,-9.22527147230E-01,-1.00925645388E+02,-2.89689062763E+01
1.77679083095E+10,-4.63457794242E+00,+2.53206185759E+00,-1.14205646792E+01,-2.01051296966E+00
1.78065902579E+10,+1.18554848717E+00,-8.21806243763E+00,+4.25746794484E+00,+9.77309496084E+01
1.78452722063E+10,-4.56479452899E+00,-5.97581536194E-01,+4.15435824943E+00,+1.59526974115E+02
1.78839541547E+10,-1.34310469147E+01,-2.23119135530E+00,-3.68729110145E+01,+1.12554297431E+01
1.79226361032E+10,-1.21609775180E+01,-1.32057290440E+01,+2.25863621348E+01,-7.92803337605E+01
1.79613180516E+10,-4.90643519738E+00,+8.31815286912E+00,-1.13722509938E+02,-5.19735628158E+01
1.80000000000E+10,-1.15309480064E+00,-1.58761399833E+00,-2.17636321475E+00,-5.85796429457E+01
